,Messi,Romero,ARG#15,Otamendi,ARG#2,Mac Allister,Dybala,L.Martinez,Molina,Tagliafico,De Paul,Alvarez
Messi,0,167,16,155,7,218,37,46,72,138,170,189
Romero,138,0,14,180,4,158,32,66,63,161,149,120
ARG#15,10,9,0,11,6,0,12,13,0,10,0,0
Otamendi,140,167,10,0,8,166,33,65,89,164,145,132
ARG#2,6,10,10,9,0,0,10,9,0,11,0,0
Mac Allister,162,150,0,181,0,0,16,45,73,165,199,178
Dybala,38,31,13,40,5,24,0,31,0,39,0,0
L.Martinez,47,56,8,61,9,33,19,0,0,69,15,21
Molina,73,76,0,71,0,96,0,0,0,51,106,82
Tagliafico,138,146,7,164,4,163,32,57,55,0,129,126
De Paul,174,146,0,159,0,207,0,17,83,131,0,181
Alvarez,169,100,0,134,0,186,0,17,60,113,189,0
