,Varane,Griezmann,Tchouameni,Giroud,Mbappe,Dembele,KoloMuani,Rabiot,Upamecano,Coman,T.Hernandez,Camavinga,M.Thuram
Tagliafico,166,111,217,69,207,49,148,177,166,95,102,78,141
De Paul,224,169,294,88,247,74,166,289,242,86,169,100,151
Alvarez,263,151,279,78,208,75,142,265,255,65,187,70,118
Messi,251,164,299,84,246,78,189,254,284,102,166,104,150
Romero,207,151,256,74,256,89,196,194,195,104,137,86,147
Otamendi,193,150,241,95,246,81,185,203,176,93,129,75,144
Mac Allister,249,197,320,95,246,100,201,284,278,103,164,85,163
Dybala,0,0,0,0,0,0,3,0,4,0,0,0,3
Molina,149,127,208,87,207,74,126,193,162,45,138,35,130
