,Tagliafico,De Paul,Alvarez,Messi,Romero,Otamendi,Mac Allister,Dybala,L.Martinez,Molina
Varane,159,231,259,248,159,179,257,0,0,169
Griezmann,119,181,197,175,133,158,208,0,0,164
Tchouameni,184,254,274,287,207,217,308,3,0,210
Giroud,47,90,84,77,55,82,82,0,0,78
Mbappe,166,233,215,219,259,266,249,0,0,212
Dembele,53,92,82,71,55,78,107,0,0,77
KoloMuani,148,166,151,177,181,184,188,4,0,124
Rabiot,153,286,259,269,158,196,262,0,0,227
Upamecano,149,240,241,260,176,190,259,6,0,168
Coman,79,74,68,102,92,100,114,5,0,48
T.Hernandez,97,159,167,162,91,139,163,0,0,124
Camavinga,73,76,68,113,69,73,83,4,0,51
M.Thuram,155,158,132,148,160,138,185,3,0,125
