,Varane,Griezmann,Tchouameni,Giroud,Mbappe,Dembele,KoloMuani,Rabiot,Upamecano,Coman,THernandez,Camavinga,M.Thuram
Varane,0,133,275,70,181,85,138,241,268,91,171,78,133
Griezmann,173,0,215,79,155,92,77,203,174,0,174,0,87
Tchouameni,275,197,0,86,251,94,205,275,275,106,177,86,153
Giroud,68,76,74,0,78,83,0,89,57,0,70,0,0
Mbappe,204,164,270,81,0,78,205,219,193,100,143,101,153
Dembele,72,103,88,81,85,0,0,91,80,0,65,0,0
KoloMuani,143,97,216,0,168,0,0,156,143,128,92,80,163
Rabiot,232,178,293,92,242,95,142,0,221,58,194,69,156
Upamecano,277,134,266,47,209,63,171,263,0,104,169,90,136
Coman,99,0,97,0,107,0,122,56,71,0,0,87,69
THernandez,182,140,180,76,159,88,63,199,154,0,0,0,62
Camavinga,101,0,103,0,77,0,114,69,84,100,0,0,79
M.Thuram,120,69,192,0,155,0,159,138,131,79,71,87,0
