,Aboukhlal,Amallah,MAR#16,Boufal,El Yamiq,En-Nesyri,Hakimi,Dari,Attiyat Allah,Mazraoui,Ziyech,Ounahi,Hamdallah
Aboukhlal,0,33,18,0,32,0,33,31,52,0,76,56,70
Amallah,31,0,0,99,114,36,118,90,70,40,119,144,19
MAR#16,17,0,0,0,18,0,18,13,23,0,17,22,11
Boufal,0,108,0,0,96,55,124,97,43,64,124,147,0
El Yamiq,28,123,20,125,0,36,182,198,93,65,150,220,35
En-Nesyri,0,40,0,45,42,0,59,50,6,45,60,64,0
Hakimi,43,118,19,111,174,52,0,189,84,74,179,225,43
Dari,34,102,21,84,203,39,190,0,87,86,127,183,29
Attiyat Allah,38,76,19,55,110,8,93,87,0,0,87,111,43
Mazraoui,0,49,0,72,74,39,87,74,0,0,76,89,0
Ziyech,54,120,18,116,146,48,187,152,85,74,0,220,61
Ounahi,63,154,17,142,178,58,224,189,115,95,217,0,57
Hamdallah,61,30,14,0,30,0,44,27,49,0,63,67,0
