,Pavlovic,Milenkovic,Veljkovic,Maksimovic,Radonjic,A.Mitrovic,Tadic,S.Mitrovic,Zivkovic,Lukic,Kostic,S.Milinkovic,Djuricic,Grujic
Pavlovic,0,80,84,96,0,59,71,0,64,103,72,86,0,0
Milenkovic,80,0,134,197,37,97,120,79,110,156,109,121,8,32
Veljkovic,96,142,0,144,0,64,111,57,88,128,88,115,0,0
Maksimovic,105,163,136,0,37,149,180,63,134,203,169,166,9,36
Radonjic,0,37,0,37,0,35,45,22,0,38,24,0,6,40
A.Mitrovic,60,101,63,137,34,0,206,27,117,148,152,141,4,33
Tadic,69,132,74,181,34,215,0,50,149,189,173,206,5,34
S.Mitrovic,0,71,48,75,31,33,55,0,33,73,44,32,6,31
Zivkovic,62,97,82,136,0,124,134,41,0,137,136,152,0,0
Lukic,112,187,124,188,48,151,201,67,128,0,158,154,8,43
Kostic,94,120,103,156,21,153,192,42,120,172,0,141,0,21
S.Milinkovic,93,116,113,172,0,164,188,31,149,165,159,0,0,0
Djuricic,0,6,0,7,6,1,6,4,0,4,0,0,0,5
Grujic,0,46,0,32,41,33,40,28,0,49,29,0,4,0
